{"acc": 0.8749317562492469, "loss": 0.11269352191065118, "_timestamp": 1695614743.8666189, "_runtime": 6.54055380821228, "_step": 7, "_wandb": {"runtime": 0}}