{"acc": 0.6964793402221849, "loss": 0.20625540806681014, "_timestamp": 1695614790.288079, "_runtime": 2.2143499851226807, "_step": 7, "_wandb": {"runtime": 0}}