{"acc": 0.8742674164145811, "loss": 0.043854179327578874, "_timestamp": 1695614755.3344994, "_runtime": 6.038384437561035, "_step": 7, "_wandb": {"runtime": 0}}