{"acc": 0.8379661863301708, "loss": 0.2117131859899767, "_timestamp": 1695614768.0253646, "_runtime": 3.2371907234191895, "_step": 7, "_wandb": {"runtime": 0}}