{"acc": 0.7721021184766604, "loss": 0.2021831803158384, "_timestamp": 1695614798.2531013, "_runtime": 3.0561773777008057, "_step": 7, "_wandb": {"runtime": 0}}